{
    "0": {
        "precision": 0.5555555555555556,
        "recall": 0.45454545454545453,
        "f1-score": 0.5,
        "support": 22.0
    },
    "1": {
        "precision": 0.4074074074074074,
        "recall": 0.4230769230769231,
        "f1-score": 0.41509433962264153,
        "support": 26.0
    },
    "2": {
        "precision": 0.8333333333333334,
        "recall": 0.8823529411764706,
        "f1-score": 0.8571428571428571,
        "support": 51.0
    },
    "accuracy": 0.6666666666666666,
    "macro avg": {
        "precision": 0.5987654320987654,
        "recall": 0.586658439599616,
        "f1-score": 0.5907457322551662,
        "support": 99.0
    },
    "weighted avg": {
        "precision": 0.6597456041900486,
        "recall": 0.6666666666666666,
        "f1-score": 0.6616842277219636,
        "support": 99.0
    }
}