{
    "0": {
        "precision": 0.631578947368421,
        "recall": 0.5454545454545454,
        "f1-score": 0.5853658536585366,
        "support": 22.0
    },
    "1": {
        "precision": 0.3333333333333333,
        "recall": 0.3076923076923077,
        "f1-score": 0.32,
        "support": 26.0
    },
    "2": {
        "precision": 0.7857142857142857,
        "recall": 0.8627450980392157,
        "f1-score": 0.822429906542056,
        "support": 51.0
    },
    "accuracy": 0.6464646464646465,
    "macro avg": {
        "precision": 0.5835421888053466,
        "recall": 0.5719639837286896,
        "f1-score": 0.5759319200668642,
        "support": 99.0
    },
    "weighted avg": {
        "precision": 0.6326548694969748,
        "recall": 0.6464646464646465,
        "f1-score": 0.6377977173144713,
        "support": 99.0
    }
}