{
    "0": {
        "precision": 0.5454545454545454,
        "recall": 0.5454545454545454,
        "f1-score": 0.5454545454545454,
        "support": 22.0
    },
    "1": {
        "precision": 0.3333333333333333,
        "recall": 0.2692307692307692,
        "f1-score": 0.2978723404255319,
        "support": 26.0
    },
    "2": {
        "precision": 0.7857142857142857,
        "recall": 0.8627450980392157,
        "f1-score": 0.822429906542056,
        "support": 51.0
    },
    "accuracy": 0.6363636363636364,
    "macro avg": {
        "precision": 0.5548340548340548,
        "recall": 0.5591434709081767,
        "f1-score": 0.555252264140711,
        "support": 99.0
    },
    "weighted avg": {
        "precision": 0.6135161135161135,
        "recall": 0.6363636363636364,
        "f1-score": 0.6231172331788757,
        "support": 99.0
    }
}