{
    "0": {
        "precision": 0.5,
        "recall": 0.36363636363636365,
        "f1-score": 0.42105263157894735,
        "support": 22.0
    },
    "1": {
        "precision": 0.35714285714285715,
        "recall": 0.38461538461538464,
        "f1-score": 0.37037037037037035,
        "support": 26.0
    },
    "2": {
        "precision": 0.7636363636363637,
        "recall": 0.8235294117647058,
        "f1-score": 0.7924528301886793,
        "support": 51.0
    },
    "accuracy": 0.6060606060606061,
    "macro avg": {
        "precision": 0.5402597402597403,
        "recall": 0.5239270533388181,
        "f1-score": 0.5279586107126657,
        "support": 99.0
    },
    "weighted avg": {
        "precision": 0.598294634658271,
        "recall": 0.6060606060606061,
        "f1-score": 0.5990695137776678,
        "support": 99.0
    }
}