{
    "0": {
        "precision": 0.7,
        "recall": 0.6363636363636364,
        "f1-score": 0.6666666666666666,
        "support": 22.0
    },
    "1": {
        "precision": 0.375,
        "recall": 0.34615384615384615,
        "f1-score": 0.36,
        "support": 26.0
    },
    "2": {
        "precision": 0.7636363636363637,
        "recall": 0.8235294117647058,
        "f1-score": 0.7924528301886793,
        "support": 51.0
    },
    "accuracy": 0.6565656565656566,
    "macro avg": {
        "precision": 0.6128787878787879,
        "recall": 0.6020156314273961,
        "f1-score": 0.6063731656184487,
        "support": 99.0
    },
    "weighted avg": {
        "precision": 0.6474288337924702,
        "recall": 0.6565656565656566,
        "f1-score": 0.6509268788514072,
        "support": 99.0
    }
}