{
    "0": {
        "precision": 0.6363636363636364,
        "recall": 0.6363636363636364,
        "f1-score": 0.6363636363636364,
        "support": 22.0
    },
    "1": {
        "precision": 0.47058823529411764,
        "recall": 0.3076923076923077,
        "f1-score": 0.37209302325581395,
        "support": 26.0
    },
    "2": {
        "precision": 0.8,
        "recall": 0.9411764705882353,
        "f1-score": 0.8648648648648649,
        "support": 51.0
    },
    "accuracy": 0.7070707070707071,
    "macro avg": {
        "precision": 0.635650623885918,
        "recall": 0.6284108048813931,
        "f1-score": 0.6244405081614385,
        "support": 99.0
    },
    "weighted avg": {
        "precision": 0.6771241830065359,
        "recall": 0.7070707070707071,
        "f1-score": 0.6846719869975685,
        "support": 99.0
    }
}