{
    "0": {
        "precision": 0.6666666666666666,
        "recall": 0.6363636363636364,
        "f1-score": 0.6511627906976745,
        "support": 22.0
    },
    "1": {
        "precision": 0.36,
        "recall": 0.34615384615384615,
        "f1-score": 0.35294117647058826,
        "support": 26.0
    },
    "2": {
        "precision": 0.7924528301886793,
        "recall": 0.8235294117647058,
        "f1-score": 0.8076923076923077,
        "support": 51.0
    },
    "accuracy": 0.6565656565656566,
    "macro avg": {
        "precision": 0.6063731656184487,
        "recall": 0.6020156314273961,
        "f1-score": 0.6039320916201901,
        "support": 99.0
    },
    "weighted avg": {
        "precision": 0.6509268788514072,
        "recall": 0.6565656565656566,
        "f1-score": 0.653478380564564,
        "support": 99.0
    }
}