{
    "0": {
        "precision": 0.4583333333333333,
        "recall": 0.5,
        "f1-score": 0.4782608695652174,
        "support": 22.0
    },
    "1": {
        "precision": 0.25,
        "recall": 0.15384615384615385,
        "f1-score": 0.19047619047619047,
        "support": 26.0
    },
    "2": {
        "precision": 0.7627118644067796,
        "recall": 0.8823529411764706,
        "f1-score": 0.8181818181818182,
        "support": 51.0
    },
    "accuracy": 0.6060606060606061,
    "macro avg": {
        "precision": 0.4903483992467043,
        "recall": 0.5120663650075414,
        "f1-score": 0.4956396260744087,
        "support": 99.0
    },
    "weighted avg": {
        "precision": 0.5604205900816069,
        "recall": 0.6060606060606061,
        "f1-score": 0.5777918465665501,
        "support": 99.0
    }
}