{
    "0": {
        "precision": 0.631578947368421,
        "recall": 0.5454545454545454,
        "f1-score": 0.5853658536585366,
        "support": 22.0
    },
    "1": {
        "precision": 0.375,
        "recall": 0.34615384615384615,
        "f1-score": 0.36,
        "support": 26.0
    },
    "2": {
        "precision": 0.8035714285714286,
        "recall": 0.8823529411764706,
        "f1-score": 0.8411214953271028,
        "support": 51.0
    },
    "accuracy": 0.6666666666666666,
    "macro avg": {
        "precision": 0.6033834586466166,
        "recall": 0.5913204442616208,
        "f1-score": 0.5954957829952131,
        "support": 99.0
    },
    "weighted avg": {
        "precision": 0.6527967646388699,
        "recall": 0.6666666666666666,
        "f1-score": 0.6579317681027277,
        "support": 99.0
    }
}