{
    "0": {
        "precision": 0.5416666666666666,
        "recall": 0.5909090909090909,
        "f1-score": 0.5652173913043478,
        "support": 22.0
    },
    "1": {
        "precision": 0.375,
        "recall": 0.23076923076923078,
        "f1-score": 0.2857142857142857,
        "support": 26.0
    },
    "2": {
        "precision": 0.7457627118644068,
        "recall": 0.8627450980392157,
        "f1-score": 0.8,
        "support": 51.0
    },
    "accuracy": 0.6363636363636364,
    "macro avg": {
        "precision": 0.5541431261770245,
        "recall": 0.5614744732391791,
        "f1-score": 0.5503105590062112,
        "support": 99.0
    },
    "weighted avg": {
        "precision": 0.6030360098156708,
        "recall": 0.6363636363636364,
        "f1-score": 0.6127611518915868,
        "support": 99.0
    }
}