{
    "0": {
        "precision": 0.4782608695652174,
        "recall": 0.5,
        "f1-score": 0.4888888888888889,
        "support": 22.0
    },
    "1": {
        "precision": 0.18181818181818182,
        "recall": 0.15384615384615385,
        "f1-score": 0.16666666666666666,
        "support": 26.0
    },
    "2": {
        "precision": 0.7222222222222222,
        "recall": 0.7647058823529411,
        "f1-score": 0.7428571428571429,
        "support": 51.0
    },
    "accuracy": 0.5454545454545454,
    "macro avg": {
        "precision": 0.46076709120187376,
        "recall": 0.4728506787330316,
        "f1-score": 0.46613756613756613,
        "support": 99.0
    },
    "weighted avg": {
        "precision": 0.5260842948589984,
        "recall": 0.5454545454545454,
        "f1-score": 0.5350970017636685,
        "support": 99.0
    }
}