{
    "0": {
        "precision": 0.5,
        "recall": 0.5454545454545454,
        "f1-score": 0.5217391304347826,
        "support": 22.0
    },
    "1": {
        "precision": 0.35,
        "recall": 0.2692307692307692,
        "f1-score": 0.30434782608695654,
        "support": 26.0
    },
    "2": {
        "precision": 0.7636363636363637,
        "recall": 0.8235294117647058,
        "f1-score": 0.7924528301886793,
        "support": 51.0
    },
    "accuracy": 0.6161616161616161,
    "macro avg": {
        "precision": 0.537878787878788,
        "recall": 0.5460715754833402,
        "f1-score": 0.5395132622368061,
        "support": 99.0
    },
    "weighted avg": {
        "precision": 0.5964187327823691,
        "recall": 0.6161616161616161,
        "f1-score": 0.6041050372469569,
        "support": 99.0
    }
}