{
    "0": {
        "precision": 0.5,
        "recall": 0.5,
        "f1-score": 0.5,
        "support": 22.0
    },
    "1": {
        "precision": 0.30434782608695654,
        "recall": 0.2692307692307692,
        "f1-score": 0.2857142857142857,
        "support": 26.0
    },
    "2": {
        "precision": 0.7222222222222222,
        "recall": 0.7647058823529411,
        "f1-score": 0.7428571428571429,
        "support": 51.0
    },
    "accuracy": 0.5757575757575758,
    "macro avg": {
        "precision": 0.5088566827697263,
        "recall": 0.5113122171945701,
        "f1-score": 0.5095238095238095,
        "support": 99.0
    },
    "weighted avg": {
        "precision": 0.5630947152686283,
        "recall": 0.5757575757575758,
        "f1-score": 0.5688311688311689,
        "support": 99.0
    }
}