{
    "0": {
        "precision": 0.6470588235294118,
        "recall": 0.5,
        "f1-score": 0.5641025641025641,
        "support": 22.0
    },
    "1": {
        "precision": 0.42857142857142855,
        "recall": 0.34615384615384615,
        "f1-score": 0.3829787234042553,
        "support": 26.0
    },
    "2": {
        "precision": 0.7540983606557377,
        "recall": 0.9019607843137255,
        "f1-score": 0.8214285714285714,
        "support": 51.0
    },
    "accuracy": 0.6666666666666666,
    "macro avg": {
        "precision": 0.609909537585526,
        "recall": 0.5827048768225239,
        "f1-score": 0.5895032863117969,
        "support": 99.0
    },
    "weighted avg": {
        "precision": 0.6448198752923922,
        "recall": 0.6666666666666666,
        "f1-score": 0.6490965693093352,
        "support": 99.0
    }
}