{
    "0": {
        "precision": 0.5294117647058824,
        "recall": 0.4090909090909091,
        "f1-score": 0.46153846153846156,
        "support": 22.0
    },
    "1": {
        "precision": 0.3125,
        "recall": 0.19230769230769232,
        "f1-score": 0.23809523809523808,
        "support": 26.0
    },
    "2": {
        "precision": 0.7272727272727273,
        "recall": 0.9411764705882353,
        "f1-score": 0.8205128205128205,
        "support": 51.0
    },
    "accuracy": 0.6262626262626263,
    "macro avg": {
        "precision": 0.5230614973262032,
        "recall": 0.5141916906622789,
        "f1-score": 0.5067155067155067,
        "support": 99.0
    },
    "weighted avg": {
        "precision": 0.5743734132771566,
        "recall": 0.6262626262626263,
        "f1-score": 0.5877825877825877,
        "support": 99.0
    }
}