{
    "0": {
        "precision": 0.5714285714285714,
        "recall": 0.5454545454545454,
        "f1-score": 0.5581395348837209,
        "support": 22.0
    },
    "1": {
        "precision": 0.36363636363636365,
        "recall": 0.3076923076923077,
        "f1-score": 0.3333333333333333,
        "support": 26.0
    },
    "2": {
        "precision": 0.8035714285714286,
        "recall": 0.8823529411764706,
        "f1-score": 0.8411214953271028,
        "support": 51.0
    },
    "accuracy": 0.6565656565656566,
    "macro avg": {
        "precision": 0.5795454545454546,
        "recall": 0.5784999314411079,
        "f1-score": 0.5775314545147191,
        "support": 99.0
    },
    "weighted avg": {
        "precision": 0.6364456250819888,
        "recall": 0.6565656565656566,
        "f1-score": 0.6448781080382906,
        "support": 99.0
    }
}